corpus,study_id,set,multilab,social,z_orig,z_repli,n_orig,n_repli,se_orig,se_repli,pub_expanded
osc,OSC_1,train,0,0,0.6847601584739658,0.1494431202562825,24,29,0.2182178902359924,0.19611613513818404,NA
osc,OSC_2,train,0,0,0.710707113969394,0.23377205458996472,24,24,0.2182178902359924,0.2182178902359924,NA
osc,OSC_3,train,0,0,0.4537537085180426,-0.21866348559307724,25,32,0.21320071635561041,0.18569533817705186,NA
osc,OSC_4,train,0,0,0.23285908973210578,-0.006108433973461672,240,270,0.06495698024616309,0.06119900613621046,NA
osc,OSC_5,train,0,0,0.498962392476004,0.13563752487097225,32,48,0.18569533817705186,0.14907119849998599,NA
osc,OSC_6,train,0,0,0.6853097695820245,0.41871042069876274,24,32,0.2182178902359924,0.18569533817705186,NA
osc,OSC_7,train,0,0,0.8976337091060953,0.13217637292161324,100,15,0.10153461651336192,0.2886751345948129,NA
osc,OSC_8,train,0,0,0.6349080539735836,-0.11106883107218099,48,33,0.14907119849998599,0.18257418583505536,NA
osc,OSC_10,train,0,0,0.8645347464677579,1.0472266736984779,32,32,0.18569533817705186,0.18569533817705186,NA
osc,OSC_11,train,0,0,0.8145345813724082,0.5055152926486165,22,30,0.22941573387056174,0.19245008972987526,NA
osc,OSC_12,train,0,0,0.18040978529579355,0.08343068058760733,48,118,0.14907119849998599,0.09325048082403138,NA
osc,OSC_13,train,0,0,0.5825304357435118,0.5825812911881418,36,36,0.17407765595569785,0.17407765595569785,NA
osc,OSC_15,train,0,0,0.19767134120069746,0.25208556419944367,95,242,0.10425720702853739,0.06468462273531508,NA
osc,OSC_17,train,0,0,0.3147723243500521,0.4654433744851636,39,47,0.16666666666666666,0.15075567228888181,NA
osc,OSC_19,train,0,0,0.6335606756467697,0.42595960134005384,32,21,0.18569533817705186,0.23570226039551587,NA
osc,OSC_20,train,0,0,0.2279603641295731,0.01942449565684181,96,108,0.10369516947304253,0.09759000729485333,NA
osc,OSC_22,train,0,0,0.22298292048881402,0.0647516900439762,18,32,0.2581988897471611,0.18569533817705186,NA
osc,OSC_24,train,0,0,0.38118065255017597,0.29232618593633947,154,49,0.08137884587711594,0.14744195615489714,NA
osc,OSC_25,train,0,0,0.36330369019969344,0.280456144360303,24,63,0.2182178902359924,0.12909944487358055,NA
osc,OSC_26,train,0,0,0.16236765395786637,0.14507780824932953,16,20,0.2773500981126146,0.24253562503633297,NA
osc,OSC_27,train,0,0,0.3978046318847213,0.3995618105996615,32,71,0.18569533817705186,0.12126781251816648,NA
osc,OSC_28,train,0,0,0.35609920057597155,0.10363049054284387,32,91,0.18569533817705186,0.10660035817780521,NA
osc,OSC_29,train,0,0,0.945679455083732,0.8749986126610695,8,15,0.44721359549995793,0.2886751345948129,NA
osc,OSC_32,train,0,0,0.7304939221455219,0.5239164970453953,37,38,0.17149858514250882,0.1690308509457033,NA
osc,OSC_33,train,0,0,0.5719805985026437,0.32719705713775554,40,40,0.1643989873053573,0.1643989873053573,NA
osc,OSC_36,train,0,0,0.8951362925600662,0.8320225722216888,24,24,0.2182178902359924,0.2182178902359924,NA
osc,OSC_37,train,0,0,0.6200721405949666,0.36520626859527255,12,18,0.3333333333333333,0.2581988897471611,NA
osc,OSC_39,train,0,0,0.384507676875194,0.10206207280560249,68,153,0.12403473458920847,0.08164965809277261,NA
osc,OSC_43,train,0,1,0.36231456865624073,0.16247858884867003,67,75,0.125,0.11785113019775793,NA
osc,OSC_44,train,0,1,0.36792462045926266,0.1513828539630307,70,180,0.12216944435630522,0.07516460280028289,NA
osc,OSC_46,train,0,1,0.022546192531378944,0.02384605586790424,230047,455326,0.0020849447206127527,0.0014819727077588,NA
osc,OSC_48,train,0,1,0.22943282644235166,-0.05233801898581877,100,200,0.10153461651336192,0.07124704998790965,NA
osc,OSC_49,train,0,1,0.39812709641779126,-0.030494987364491476,36,88,0.17407765595569785,0.10846522890932808,NA
osc,OSC_50,train,0,1,0.211141100838117,0.1563036918570825,98,109,0.10259783520851541,0.09712858623572641,NA
osc,OSC_52,train,0,1,0.20871567209305558,0.09430020472425155,133,113,0.08770580193070293,0.09534625892455924,NA
osc,OSC_53,train,0,1,0.39670589691203934,0.07685162002786516,48,75,0.14907119849998599,0.11785113019775793,NA
osc,OSC_55,train,0,1,0.23403348565799575,0.06622666016266096,57,71,0.13608276348795434,0.12126781251816648,NA
osc,OSC_56,train,0,1,0.3990543011208611,-0.04216507457967953,103,83,0.1,0.11180339887498948,NA
osc,OSC_58,train,0,1,0.1688758822640618,0.03676831017690544,186,280,0.07392212709545729,0.06008417681261097,NA
osc,OSC_61,train,0,1,0.22330608972466862,-0.004719381037249494,110,222,0.09667364890456635,0.06757373783994859,NA
osc,OSC_63,train,0,1,0.28119447970479067,0.07393169914172715,71,148,0.12126781251816648,0.08304547985373997,NA
osc,OSC_64,train,0,1,0.4543849700101476,0.11434960227696839,82,71,0.1125087900926024,0.12126781251816648,NA
osc,OSC_65,train,0,1,0.46218779550530215,0.011721701817772458,45,135,0.1543033499620919,0.08703882797784893,NA
osc,OSC_68,train,0,1,0.18803505671110696,0.0030014970134473644,122,226,0.09166984970282113,0.06696495301824251,NA
osc,OSC_71,train,0,1,0.225897217190119,0.07348572994407541,375,177,0.05184758473652126,0.07580980435789034,NA
osc,OSC_72,train,0,1,0.2107069538373975,0.04452522036505802,261,251,0.062257280636469035,0.06350006350009525,NA
osc,OSC_73,train,0,1,0.33451751586186546,0.2027325540540822,37,120,0.17149858514250882,0.09245003270420485,NA
osc,OSC_80,train,0,1,0.26606393505837145,0.15666464634450175,46,70,0.15249857033260467,0.12216944435630522,NA
osc,OSC_81,train,0,1,0.2750083865727453,-0.10198941167543697,94,141,0.10482848367219183,0.08512565307587486,NA
osc,OSC_82,train,0,1,0.30951960420311175,0.27686382265510007,50,50,0.14586499149789456,0.14586499149789456,NA
osc,OSC_84,train,0,1,0.5539162964900023,0.22109581033885273,52,150,0.14285714285714285,0.08247860988423225,NA
osc,OSC_86,train,0,1,0.21527949148296693,0.11937236994972508,85,140,0.11043152607484653,0.0854357657716761,NA
osc,OSC_87,train,0,1,0.41837337764479177,0.013046191117013967,55,51,0.1386750490563073,0.14433756729740646,NA
osc,OSC_89,train,0,1,0.1407385471018891,0.029413179190426266,163,304,0.07905694150420949,0.0576390417704235,NA
osc,OSC_93,train,0,1,0.32882322257044133,-0.13593106922441375,91,76,0.10660035817780521,0.11704114719613057,NA
osc,OSC_94,train,0,1,0.3589774188359443,0.29824789584103883,28,61,0.2,0.13130643285972254,NA
osc,OSC_97,train,0,1,0.3980449637040193,-0.03695215573803545,90,1490,0.10721125348377948,0.02593250771305829,NA
osc,OSC_104,train,0,1,0.12808829245428732,0.018378584979961903,236,1146,0.06551217820804184,0.029578550313870463,NA
osc,OSC_106,train,0,0,0.4020998167736918,-0.2267277126679857,36,47,0.17407765595569785,0.15075567228888181,NA
osc,OSC_107,train,0,1,0.22610618857223108,0.10532958523805769,86,158,0.10976425998969035,0.08032193289024989,NA
osc,OSC_110,train,0,1,0.6247508568134915,0.09141649777217642,280,144,0.06008417681261097,0.0842151921066519,NA
osc,OSC_111,train,0,0,0.34669477755081973,0.22972166660780108,59,120,0.1336306209562122,0.09245003270420485,NA
osc,OSC_112,train,0,0,0.8694385140857793,0.9738801092559981,141,51,0.08512565307587486,0.14433756729740646,NA
osc,OSC_113,train,0,1,0.8312603652764454,1.0045748445259537,126,177,0.09016696346674323,0.07580980435789034,NA
osc,OSC_114,train,0,1,0.6485508268295646,0.7800413305825453,32,32,0.18569533817705186,0.18569533817705186,NA
osc,OSC_115,train,0,0,0.5517077961138106,-0.48493591361284877,32,8,0.18569533817705186,0.44721359549995793,NA
osc,OSC_116,train,0,0,0.2960774021948262,0.3346884306856667,173,140,0.07669649888473704,0.0854357657716761,NA
osc,OSC_117,train,0,0,0.1315355097435253,0.12110779267805166,12,12,0.3333333333333333,0.3333333333333333,NA
osc,OSC_118,train,0,1,0.21703141237375173,-0.04895731447137539,115,166,0.0944911182523068,0.07832604499879574,NA
osc,OSC_120,train,0,1,0.40005965005605654,0.2554128118829953,31,43,0.1889822365046136,0.15811388300841897,NA
osc,OSC_121,train,0,1,1.2622359039857955,1.1849231441241876,12,24,0.3333333333333333,0.2182178902359924,NA
osc,OSC_122,train,0,0,0.9115806092509465,1.6084759465314626,8,17,0.44721359549995793,0.2672612419124244,NA
osc,OSC_124,train,0,1,0.40504855976784254,-0.034292995642847136,36,70,0.17407765595569785,0.12216944435630522,NA
osc,OSC_127,train,0,0,0.83912881221931,0.5864088055269303,32,26,0.18569533817705186,0.20851441405707477,NA
osc,OSC_129,train,0,1,0.39048139819882355,0.017676748906140516,28,66,0.2,0.1259881576697424,NA
osc,OSC_132,train,0,1,0.25215893639534687,0.18136049487875353,25,30,0.21320071635561041,0.19245008972987526,NA
osc,OSC_133,train,0,0,0.47926232435272464,0.4517833360200725,24,38,0.2182178902359924,0.1690308509457033,NA
osc,OSC_134,train,0,1,0.21313844586110564,0.5495461237969438,119,238,0.09284766908852593,0.06523280730534423,NA
osc,OSC_135,train,0,1,0.004640053299975426,0.1062894913842196,684,3597,0.03832008326196737,0.01668057294081454,NA
osc,OSC_136,train,0,1,0.5468414178502724,0.1027148698129655,30,58,0.19245008972987526,0.13483997249264842,NA
osc,OSC_139,train,0,0,0.5444692830700385,0.5561982792421923,4,5,1,0.7071067811865475,NA
osc,OSC_140,train,0,1,0.23818050739145447,0.04429522835391771,84,125,0.1111111111111111,0.09053574604251853,NA
osc,OSC_142,train,0,1,0.6829066562904198,0.7087840592529913,82,88,0.1125087900926024,0.10846522890932808,NA
osc,OSC_143,train,0,1,0.17471653681126317,0.06178565771115443,57,78,0.13608276348795434,0.11547005383792514,NA
osc,OSC_145,train,0,1,1.0170249244377694,0.7804807668039616,80,40,0.11396057645963795,0.1643989873053573,NA
osc,OSC_146,train,0,0,0.7752217767190855,0.5454237054092345,30,24,0.19245008972987526,0.2182178902359924,NA
osc,OSC_148,train,0,1,0.19094999279608543,-0.03018145596219748,208,263,0.06984302957695782,0.062017367294604234,NA
osc,OSC_149,train,0,1,0.19094999279608543,0.01828544868725862,208,318,0.06984302957695782,0.0563436169819011,NA
osc,OSC_150,train,0,0,0.9129316530026499,0.21057242409605348,14,19,0.30151134457776363,0.25,NA
osc,OSC_151,train,0,1,0.4236611254911875,0.0028398056338424693,43,126,0.15811388300841897,0.09016696346674323,NA
osc,OSC_153,train,0,0,1.2916283250436156,0.12065567193431827,8,8,0.44721359549995793,0.44721359549995793,NA
osc,OSC_154,train,0,1,0.4598966812126785,0.11044691579009715,70,16,0.12216944435630522,0.2773500981126146,NA
osc,OSC_155,train,0,1,0.3205454093019461,-0.03401311042792823,53,72,0.1414213562373095,0.1203858530857692,NA
osc,OSC_158,train,0,1,0.39398187713023325,0.43721894673966105,40,95,0.1643989873053573,0.10425720702853739,NA
osc,OSC_161,train,0,0,0.5274667978360332,0.1797487633453372,48,48,0.14907119849998599,0.14907119849998599,NA
osc,OSC_165,train,0,1,0.29179723767013216,-0.1772890123521954,56,51,0.13736056394868904,0.14433756729740646,NA
osc,OSC_167,train,0,0,0.6857920153284546,0.25983547457372463,18,22,0.2581988897471611,0.22941573387056174,NA
ml1,ML1_sunk_costs,train,1,0,0.11474801758198486,0.09983407889920759,NA,6334,NA,0.012567932607507567,NA
ml1,ML1_gain_loss_framing,train,1,0,0.5385819506774198,0.29567304756342244,NA,6271,NA,0.012630935170956915,NA
ml1,ML1_anchoring,train,1,0,0.4496898925159913,0.8455726970397275,NA,5627,NA,0.013334518676566624,NA
ml1,ML1_retro_gamblers_fallacy,train,1,0,0.33849859640169994,0.30045886999224586,NA,5942,NA,0.012976074710847597,NA
ml1,ML1_low_high_cat_scales,train,1,0,0.24746646154726348,0.24261291139707472,NA,5899,NA,0.013023306526765581,NA
ml1,ML1_norm_of_reciprocity,train,1,0,0.41774349944156297,0.13459326448877432,NA,6336,NA,0.012565947935942488,NA
ml1,ML1_allowed_forbidden,train,1,0,0.3195346320005721,0.8671605068296653,NA,6292,NA,0.012609829157517467,NA
ml1,ML1_quote_attribution,train,1,0,0.24746646154726348,0.15932507986531572,NA,6276,NA,0.01262590031797617,NA
ml1,ML1_flag_priming,train,1,0,0.24746646154726348,0.014999437556945498,NA,4894,NA,0.0142988519197758,NA
ml1,ML1_currency_priming,train,1,0,0.39003531977071526,-0.009999833340832888,NA,6333,NA,0.012568925295997527,NA
ml1,ML1_imagined_contact,train,1,0,0.41774349944156297,0.0649543159702414,NA,6336,NA,0.012565947935942488,NA
ml1,ML1_sex_diff_implicit_math,train,1,0,0.48567948296044966,0.26199249953844805,NA,5840,NA,0.013088960387126302,NA
ml1,ML1_implicit_explicit_math_relation,train,1,0,0.40005965005605654,0.40005965005605654,NA,5623,NA,0.013339263212805203,NA
ml2,ML2_huang_direction_ses,train,1,0,0.33376835164588226,0.19869011034924142,180,6591,0.07516460280028289,0.012320354515909546,NA
ml2,ML2_kay_structure_goal,train,1,0,0.24261291139707472,-0.009999833340832888,67,6506,0.125,0.012400612109320948,NA
ml2,ML2_alter_disfluency,train,1,0,0.31477598001879026,-0.014999437556945498,41,2580,0.16222142113076254,0.0196989369755484,NA
ml2,ML2_graham_moral_foundations,train,1,0,0.2571563485130149,0.1444966438188224,1548,6966,0.025441092565739218,0.011984000056756225,NA
ml2,ML2_rottenstreich_affect_risk,train,1,0,0.36203912124097115,-0.039989341006026996,40,7218,0.1643989873053573,0.011772856008638626,NA
ml2,ML2_bauer_consumerism,train,1,0,0.4223326695263606,0.05996405819533395,77,6608,0.11624763874381928,0.012304489188965245,NA
ml2,ML2_miyamoto_correspondence_bias,train,1,0,0.7901687254123968,0.816281421063876,57,7197,0.13608276348795434,0.011790026554706715,NA
ml2,ML2_inbar_disgust_homophobia,train,1,0,0.7,0.05000000000000001,44,7117,0.15617376188860607,0.011856133193117539,NA
ml2,ML2_critcher_incidental_anchors,train,1,0,0.1494431201849576,0.01999866690660954,207,6826,0.07001400420140048,0.012106324603800078,NA
ml2,ML2_vanlange_svo,train,1,0,0.29529389359091535,-0.020002667306849582,631,6234,0.03990434422338111,0.01266838123695451,NA
ml2,ML2_hauser_trolley1,train,1,0,1.047593012649259,0.6320655315232042,2646,6842,0.019451424796105867,0.012092154796920804,NA
ml2,ML2_anderson_sms_wellbeing,train,1,0,0.2812763716193096,-0.01999866690660954,228,6905,0.06666666666666667,0.012036840965264339,NA
ml2,ML2_ross_false_consensus_1,train,1,0,0.385388944086563,0.5602310764109278,320,7205,0.05616559563017304,0.011783476539448555,NA
ml2,ML2_ross_false_consensus_2,train,1,0,0.39003531977071526,0.45874011541194837,320,7827,0.05616559563017304,0.011305390791153364,NA
ml2,ML2_giessner_power_position,train,1,0,0.2716467605137753,0.014999437556945498,64,7890,0.12803687993289598,0.01126014750214229,NA
ml2,ML2_tversky_kahneman_framing,train,1,0,0.4282408815152921,0.19792946197812447,181,7228,0.07495316889958614,0.011764705882352941,NA
ml2,ML2_hauser_trolley2,train,1,0,0.16919163593519546,0.12467674692144276,2612,7923,0.01957775820486337,0.011236664374387369,NA
ml2,ML2_risen_tempting_fate,train,1,0,0.19378486722187624,0.0898789407439468,118,8000,0.09325048082403138,0.011182436791000398,NA
ml2,ML2_savani_actions_choices,train,1,0,-0.3195346320005721,-0.11971385039877737,218,3506,0.06819943394704735,0.016895845568892596,NA
ml2,ML2_norenzayan_intuitive_reasoning,train,1,0,0.7520711647570035,0.41774349944156297,52,7396,0.14285714285714285,0.01163026597733855,NA
ml2,ML2_hsee_less_is_better,train,1,0,0.33849859640169994,0.38073462364198474,83,7646,0.11180339887498948,0.011438473495733587,NA
ml2,ML2_gray_wegner_moral_typecasting,train,1,0,0.39003531977071526,0.45874011541194837,69,8002,0.12309149097933272,0.011181038724258546,NA
ml2,ML2_zhong_moral_cleansing,train,1,0,0.4901381614362345,0,27,7001,0.20412414523193154,0.01195399392875929,NA
ml2,ML2_schwarz_assimilation_contrast,train,1,0,0.48000000000000004,-0.07,100,7460,0.10153461651336192,0.011580249818791891,NA
ml2,ML2_shafir_choose_reject,train,1,0,0.17411886082400196,-0.0649543159702414,170,7901,0.07738232325341368,0.011252303441627693,NA
ml2,ML2_zaval_priming_warmth,train,1,0,0.15438596970922094,-0.014999437556945498,300,4204,0.058025885318565944,0.015428498379527544,NA
ml2,ML2_knobe_intentional_side_effects,train,1,0,0.6730270885559941,0.7901687254123968,78,7982,0.11547005383792514,0.011195043036766855,NA
ml2,ML2_tversky_gati_directionality_similarity,train,1,0,0.2377537491523999,0.004999979166901039,144,3549,0.0842151921066519,0.016793090728662613,NA
camerer2018,Ackerman2010,train,0,1,0.27686382265510007,0.06308354805176287,54,599,0.14002800840280097,0.04096159602595203,NA
camerer2018,Aviezer2012,train,0,1,1.9588240900333496,1.1849305459441029,15,14,0.2886751345948129,0.30151134457776363,NA
camerer2018,Derex2013,train,0,1,0.5832174425034354,0.3780352741369656,366,482,0.0524863881081478,0.04569116623849538,NA
camerer2018,Duncan2012,train,0,1,0.8180369348413566,0.46728124905505525,15,92,0.2886751345948129,0.105999788000636,NA
camerer2018,Gervais_Norenzayan2012,train,0,1,0.29747478656797327,-0.03501430218024176,57,531,0.13608276348795434,0.04351941398892446,NA
camerer2018,Karpicke_Blunt2011,train,0,1,0.6962780611719334,0.40474308632204753,40,49,0.1643989873053573,0.14744195615489714,NA
camerer2018,Kidd_Castano2013,train,0,1,0.2757855039823046,-0.027006563871276583,86,714,0.10976425998969035,0.037502930030867465,NA
camerer2018,Kovacs2010,train,0,1,0.48470027859405174,0.6715522141847394,24,95,0.2182178902359924,0.10425720702853739,NA
camerer2018,Lee_Schwarz2010,train,0,1,0.40944342927721183,-0.046032486588290844,40,286,0.1643989873053573,0.0594438298277764,NA
camerer2018,Morewedge2010,train,0,1,0.48846843057415085,0.37115320825901443,32,89,0.18569533817705186,0.10783277320343841,NA
camerer2018,Nishi2015,train,0,1,0.20377443815685445,0.11652454015180641,366,792,0.0524863881081478,0.03560094272544522,NA
camerer2018,Pyc_Rawson2010,train,0,1,0.3965579899706009,0.15114043593646684,36,306,0.17407765595569785,0.0574484989621426,NA
camerer2018,Ramirez_Beilock2011,train,0,1,1.079463340169882,-0.09831555100342614,20,131,0.24253562503633297,0.08838834764831843,NA
camerer2018,Rand2012,train,0,1,0.14194571393891012,0.026005861044089872,343,2136,0.05423261445466404,0.021652326748721033,NA
camerer2018,Shah2012,train,0,1,0.2736307392172438,-0.015001125151899412,56,619,0.13736056394868904,0.040291148201269014,NA
camerer2018,Sparrow2011,train,0,1,0.38610785201781916,0.05004172927849127,69,234,0.12309149097933272,0.0657951694959769,NA
camerer2018,Wilson2014,train,0,1,0.8180369348413566,0.6838243498742138,30,39,0.19245008972987526,0.16666666666666666,NA
score,0qar_single-trace,score,0,0,0.39607248257239785,0.007311708543086223,43,127,0.15811388300841897,0.08980265101338746,psychology
score,4N88_single-trace,score,0,0,0.24743540494448168,0.10818025078568314,1565,958,0.025302269968462875,0.03235924008452868,health
score,521q_single-trace,score,0,0,-0.17544265601134,-0.01376953903791883,225,722,0.06711560552140243,0.03729370703141007,psychology
score,59bm_single-trace,score,0,0,-0.13000831933820906,-0.09237340476179416,226,2006,0.06696495301824251,0.02234392810843759,psychology
score,7NEL_single-trace,score,0,0,-0.4973113918645599,-0.42629788632650445,689,87,0.038180177416060626,0.1091089451179962,health
score,7RR2_2kl87y,score,0,0,-0.23418950120312285,-0.22470721413854158,107,556,0.09805806756909202,0.04252432555625623,psychology
score,7RR2_4d3878,score,0,0,-0.4598967287523434,-0.27255428703641804,107,556,0.09805806756909202,0.04252432555625623,psychology
score,7RR2_5vw85q,score,0,0,-0.2909402666690097,-0.24477411265763274,107,556,0.09805806756909202,0.04252432555625623,psychology
score,7RR2_89x817,score,0,0,0.2600857294375882,0.04467565782608906,107,1096,0.09805806756909202,0.030247530200945175,psychology
score,7RR2_9qjzdd,score,0,0,0.19818914973219479,0.03647317309635574,107,1096,0.09805806756909202,0.030247530200945175,psychology
score,7RR2_b2pwnv,score,0,0,-0.2682546509517041,-0.20273255404104093,107,556,0.09805806756909202,0.04252432555625623,psychology
score,7RR2_bd3w94,score,0,0,-0.20273257183946394,-0.2048167588020569,107,540,0.09805806756909202,0.04315318520021031,psychology
score,7RR2_bn72ln,score,0,0,-0.05304970784726881,-0.2586153848714767,107,540,0.09805806756909202,0.04315318520021031,psychology
score,7RR2_bolw7q,score,0,0,-0.25008654997075297,-0.30075129531231365,107,540,0.09805806756909202,0.04315318520021031,psychology
score,7RR2_brwop3,score,0,0,-0.3161261989662181,-0.2628935819247314,107,540,0.09805806756909202,0.04315318520021031,psychology
score,7RR2_d5dy7d,score,0,0,0.3574886002302627,-0.173726907885624,107,540,0.09805806756909202,0.04315318520021031,psychology
score,7RR2_g4xnzl,score,0,0,0.19918470537476415,0.5059890648821719,107,1096,0.09805806756909202,0.030247530200945175,psychology
score,7RR2_m5jnlk,score,0,0,-0.2768637849005973,-0.2865973321354142,107,556,0.09805806756909202,0.04252432555625623,psychology
score,7RR2_m84pw1,score,0,0,-0.06609608229493508,-0.22050569850069568,107,556,0.09805806756909202,0.04252432555625623,psychology
score,7RR2_my485o,score,0,0,-0.25008654997075297,-0.26396459705141606,107,556,0.09805806756909202,0.04252432555625623,psychology
score,7RR2_n1rp5w,score,0,0,0.17578859627503587,-0.2215553538619178,107,540,0.09805806756909202,0.04315318520021031,psychology
score,7RR2_odrqvl,score,0,0,0.2741766550755,0.042765249081045335,107,1096,0.09805806756909202,0.030247530200945175,psychology
score,7RR2_yor7v2,score,0,0,-0.47223078965962567,-0.1871549701527131,107,556,0.09805806756909202,0.04252432555625623,psychology
score,7WjP_single-trace,score,0,0,0.4006392193187022,0.009534481434336823,30,112,0.19245008972987526,0.09578262852211514,psychology
score,88xa_single-trace,score,0,0,0.21606853928877698,0.20811654170005311,128,448,0.08944271909999159,0.04740454631399772,psychology
score,8R9d_single-trace,score,0,0,-1.1777856914886429,-0.7242399409117456,516,477,0.044151078568834795,0.04593152121746254,psychology
score,8e25_single-trace,score,0,0,0.12554408649219753,-0.004541125798286181,1152,1339,0.029501220638256383,0.027358782758229137,health
score,8wZ0_single-trace,score,0,0,0.28427384320753146,0.0027446197861324202,85,533,0.11043152607484653,0.04343722427630694,psychology
score,9J1_single-trace,score,0,0,0.25546488945307877,-0.05485203713303364,97,313,0.10314212462587934,0.05679618342470648,psychology
score,AOQj_single-trace,score,0,0,0.07516033672912255,0.005292602761081105,1929,1362,0.022786197567488776,0.027126281959038646,health
score,AqDO_single-trace,score,0,0,-0.0632425815367591,-0.08892670514946031,1064,673,0.03070027799227584,0.03863337046431279,health
score,AqDO_ywjwq1,score,0,0,0.043878507652723546,0.027994307817706628,4209,1930,0.0154193251232439,0.02278028445007573,health
score,AvOr_b7dlq4,score,0,0,0.12663040549537535,0.011744977310575963,208,1245,0.06984302957695782,0.02837521769195829,psychology
score,AvOr_gdyrdr,score,0,0,0.2439729547014991,0.12964922501102433,210,388,0.06950480468569159,0.050964719143762556,psychology
score,AvOr_grlzkw,score,0,0,0.20003055583702908,0.023453401174625115,223,530,0.06741998624632421,0.04356068418690321,psychology
score,AvOr_single-trace,score,0,0,0.24400314375079518,0.19564238199243902,210,749,0.06950480468569159,0.03661260129691062,psychology
score,AvWY_single-trace,score,0,0,0.3170286363273474,0.0392245746069066,48,156,0.14907119849998599,0.08084520834544433,psychology
score,Azg9_single-trace,score,0,0,0.07319601962383301,0.08215098358359656,1242,10071,0.028409549486356805,0.009966172423210911,health
score,BNrd_single-trace,score,0,0,-0.24477411974575145,-0.21215276428741822,573,322,0.04188539082916955,0.05598925109558543,health
score,BebG_single-trace,score,0,0,0.05396872247625377,0.07476481842311991,1391,2265,0.02684140635475095,0.021025856676559002,psychology
score,Br0x_single-trace,score,0,0,0.2534651002676183,-0.25829319306429394,360,656,0.05292561240249631,0.03913302400974161,psychology
score,EQxa_single-trace,score,0,0,0.2954745919332379,0.24962229986384946,400,705,0.05018856132284956,0.03774256780481986,psychology
score,Eb2N_single-trace,score,0,0,-0.06455708720102138,-0.18786262883001392,10730,319,0.00965519078278234,0.0562543950463012,health
score,GG7d_single-trace,score,0,0,0.5166116216329902,0.5750869941225275,293,1552,0.058722021951470346,0.02540822292337563,health
score,GNjz_single-trace,score,0,0,0.39373284431541633,0.17541603512462073,102,288,0.10050378152592121,0.05923488777590923,psychology
score,GXEW_single-trace,score,0,0,0.36200743509841404,0.1764761391737215,34,144,0.1796053020267749,0.0842151921066519,psychology
score,J7ek_single-trace,score,0,0,0.6192100454199175,0.6209688907704433,19,477,0.25,0.04593152121746254,psychology
score,K3YJ_single-trace,score,0,0,0.1366716778093215,0.052915561178424365,353,552,0.05345224838248487,0.04267895997763199,health
score,K4ZD_single-trace,score,0,0,-0.1797188907713062,-0.13503785726387793,90,574,0.10721125348377948,0.04184869753186872,psychology
score,Kj9d_single-trace,score,0,0,0.8362930469223891,0.13436647731544452,20,50,0.24253562503633297,0.14586499149789456,psychology
score,L3Lr_single-trace,score,0,0,0.1716666576856592,-0.11008095612671942,783,288,0.03580574370197165,0.05923488777590923,health
score,LbEB_single-trace,score,0,0,0.2974959982734416,0.22456904097837635,95,474,0.10425720702853739,0.04607756775840914,psychology
score,LmBx_single-trace,score,0,0,0.7697698071705537,0.01671956468478717,14,63,0.30151134457776363,0.12909944487358055,psychology
score,O3Gy_single-trace,score,0,0,0.14799321054154335,0.01123019878238115,1420,660,0.02656532141809275,0.03901371573204352,health
score,P39Z_single-trace,score,0,0,-0.07684840045866373,0.006531037695247752,2035,1844,0.022183912735402846,0.02330628783587717,health
score,PNPz_single-trace,score,0,0,0.21317134484130396,0.3458892184615042,290,510,0.059028133610095526,0.04441155916843276,psychology
score,VjjX_single-trace,score,0,0,0.8084781215993668,0.462092068459122,16,13,0.2773500981126146,0.31622776601683794,psychology
score,Vpgm_single-trace,score,0,0,-0.22365610902183242,-0.1486703490053306,2474,22418,0.020117019055664216,0.006679295050966977,psychology
score,W3EN_single-trace,score,0,0,0.3195346320005721,0.01415007079133532,64,691,0.12803687993289598,0.038124642583151166,health
score,Wre_single-trace,score,0,0,0.40078084802896036,0.053624338121230505,36,265,0.17407765595569785,0.06178020632152154,psychology
score,YpZZ_single-trace,score,0,0,0.5236551962515273,0.3596500635275686,81,81,0.11322770341445956,0.11322770341445956,psychology
score,a3Nx_single-trace,score,0,0,0.20390852166913437,0.36382643304148105,880,531,0.033767600672658715,0.04351941398892446,health
score,b3G4_single-trace,score,0,0,0.1409255946446053,-0.027573925226337608,278,949,0.060302268915552716,0.03251280443811776,health
score,b3RA_single-trace,score,0,0,0.23815977828255477,0.6414238680788562,407,257,0.04975185951049946,0.06274558051381586,health
score,dPzV_single-trace,score,0,0,-0.39363415276188135,-0.33359349293602564,220,102,0.06788442333021306,0.10050378152592121,health
score,e3G7_single-trace,score,0,0,0.1919423922391938,0.16239408483538637,263,379,0.062017367294604234,0.05157106231293967,psychology
score,eOQm_single-trace,score,0,0,0.29122479064568696,0.0034050195433086984,77,346,0.11624763874381928,0.05399492471560388,psychology
score,gRWz_single-trace,score,0,0,0.4118000344786903,0.041272361336254705,5867,1108,0.013058792441389255,0.030082841879809342,health
score,gbl9_single-trace,score,0,0,0.3690059288856877,0.032248773117702356,63,134,0.12909944487358055,0.0873704056661038,psychology
score,j53d_single-trace,score,0,0,0.21317132546668469,0.6357515351168972,501,450,0.04481107149482209,0.047298376984040214,health
score,jLr_single-trace,score,0,0,0.45064089080888725,-0.12256788218596665,76,73,0.11704114719613057,0.11952286093343936,psychology
score,lkBL_single-trace,score,0,0,0.49875445801883816,0.05083677779935571,42,437,0.16012815380508713,0.04800153607373193,psychology
score,mBL1_single-trace,score,0,0,-2.606363646790679,-1.8217358822355798,20,20,0.24253562503633297,0.24253562503633297,psychology
score,mJDj_single-trace,score,0,0,0.04158316842438937,-0.021771696845113615,2664,28731,0.01938552480500403,0.0058999360450399056,psychology
score,p29j_single-trace,score,0,0,0.2961588674148401,0.21159471540879068,241,167,0.06482037235521644,0.07808688094430304,health
score,qPxQ_single-trace,score,0,0,-0.10504400504209839,0.09929094828751313,2001,3281,0.022371868507134143,0.017466083231604194,psychology
score,rjb_single-trace,score,0,0,0.1744977063165732,0.16405290982758955,174,813,0.07647191129018725,0.03513641844631533,psychology
score,rpq_single-trace,score,0,0,0.5771381380316525,-0.3647265009848484,48,55,0.14907119849998599,0.1386750490563073,psychology
score,vyRx_single-trace,score,0,0,0.04610971836134009,0.11166838139647292,8548,3119,0.010817925007266587,0.017914359097500464,health
score,wxQZ_single-trace,score,0,0,0.050742914181318155,0.04554870758796076,9845,288497,0.010079948648840405,0.0018617939185117066,health
score,x3KP_single-trace,score,0,0,-0.32913653237850177,-0.632833186665638,85,101,0.11043152607484653,0.10101525445522107,psychology
score,xLmP_single-trace,score,0,0,0.2741000192211564,0.0989180271454828,259,246,0.0625,0.06415002990995841,health
score,xvrb_single-trace,score,0,0,0.523521668386771,0.1955838101560637,276,113,0.060522753266880246,0.09534625892455924,psychology
score,yJwG_single-trace,score,0,0,0.8136460347310913,0.887793642127375,28,26,0.2,0.20851441405707477,psychology
score,yZD4_single-trace,score,0,0,0.7089212240237638,0.5686437569558224,322,63,0.05598925109558543,0.12909944487358055,health
score,yypJ_single-trace,score,0,0,-0.5627297273993158,0.3877625553865156,138,68,0.08606629658238704,0.12403473458920847,psychology
score,zN22_single-trace,score,0,0,0.3442220402773414,0.08968606300971553,40,158,0.1643989873053573,0.08032193289024989,psychology
score,zNEm_single-trace,score,0,0,0.7112064134452887,0.11186822898426169,27,78,0.20412414523193154,0.11547005383792514,psychology
score,zk94_single-trace,score,0,0,-0.48554956412437794,-0.5406284336539999,409,59,0.04962916669854651,0.1336306209562122,health
score,zlBL_56zxpp,score,0,0,-0.05037148323890836,-0.021361302675248026,4458,4971,0.014982219165849825,0.014187608845979145,psychology
score,zlBL_9k761j,score,0,0,-0.050354519378321055,-0.018122406636834378,4458,4971,0.014982219165849825,0.014187608845979145,psychology
score,zlBL_bv7vrq,score,0,0,0.05233403393876991,0.038594838503029465,4458,4971,0.014982219165849825,0.014187608845979145,psychology
score,zlBL_g7jwq5,score,0,0,0.025762571179225955,0.03156037891159631,4458,4971,0.014982219165849825,0.014187608845979145,psychology
score,zlBL_md2wdj,score,0,0,-0.02196742303983233,-0.05330967254089583,4458,4971,0.014982219165849825,0.014187608845979145,psychology
score,zlBL_mo9wrp,score,0,0,-0.047596615379504485,-0.06806759162706412,4458,4971,0.014982219165849825,0.014187608845979145,psychology
score,zlBL_single-trace,score,0,0,-0.05031500359408778,0.0038418685922207187,4458,6126.243,0.014982219165849825,0.012779364357438183,psychology
